record_id,customer_id,event_type,amount,occurred_at
r-0001,c-1001,purchase,49.99,2024-03-01T09:15:00+00:00
r-0002,c-1002,purchase,120.00,2024-03-01T09:42:10+00:00
r-0003,c-1001,refund,-15.50,2024-03-01T10:05:33+00:00
r-0004,c-1003,purchase,8.25,2024-03-01T10:31:47+00:00
r-0005,c-1004,subscription,29.00,2024-03-01T11:02:05+00:00
r-0006,c-1002,purchase,75.40,2024-03-01T11:20:59+00:00
r-0007,c-1005,subscription,29.00,2024-03-01T12:00:00+00:00
r-0008,c-1003,refund,-8.25,2024-03-01T12:45:21+00:00
r-0009,c-1006,purchase,310.10,2024-03-01T13:10:44+00:00
r-0010,c-1001,purchase,19.99,2024-03-01T14:27:18+00:00
